course_name,theory_credits,practical_credits,total_credits,note,class
,LT,TH,Tổng,,
Thực tập tốt nghiệp (IT),0,3,3,,"19GIT,19SE1->SE5,19JIT,19KIT,19AD,19DA,19MC"
Đồ án tốt nghiệp (IT),0,10,10,,"19GIT,19SE1->SE5,19JIT,19KIT,19AD,19DA,19MC"
TỔNG,0,13,13,,
,,,,,
Tên học phần,Số tín chỉ,,,Ghi chú,
,LT,TH,Tổng,,
Thực tập tốt nghiệp (IT),0,3,3,,"21GIT,21SE1->SE5,21JIT,21KIT,21AD,21DA,21MC"
Đồ án tốt nghiệp (IT),0,10,10,,"21GIT,21SE1->SE5,21JIT,21KIT,21AD,21DA,21MC"
TỔNG,0,13,13,,
,,,,,
,,,,,
Tên học phần,Số tín chỉ,,,Ghi chú,
,LT,TH,Tổng,,
Kinh tế chính trị Mác - Lênin,2,0,2,,22SE1->2
Tư tưởng Hồ Chí Minh,2,0,2,,22SE1->2
Đảm bảo chất lượng và Kiểm thử phần mềm,3,0,3,,22SE1->2
Điện toán đám mây,1.5,0.5,2,,22SE1->2
Chuyên đề 3 (IT),2,0,2,"Low code, No code & Automation",22SE1->2
Đồ án chuyên ngành 2 (IT),0,1,1,,22SE1->2
Phát triển ứng dụng di động đa nền tảng,1.5,0.5,2,,22SE1->2
Lập trình game,1.5,0.5,2,,22SE1->2
Kho dữ liệu,1.5,0.5,2,,22SE1->2
Thực tập doanh nghiệp (IT),0,3,3,,22SE1->2
TỔNG,15,6,21,,
,,,,,
Tên học phần,Số tín chỉ,,,Ghi chú,
,LT,TH,Tổng,,
Kinh tế chính trị Mác - Lênin,2,0,2,,22GIT-KS
Tư tưởng Hồ Chí Minh,2,0,2,,22GIT-KS
Đảm bảo chất lượng và Kiểm thử phần mềm,3,0,3,,22GIT-KS
Điện toán đám mây,1.5,0.5,2,,22GIT-KS
Chuyên đề 3 (IT),2,0,2,AI-Data Science Projects,22GIT-KS
Đồ án chuyên ngành 2,0,1,1,,22GIT-KS
Phát triển ứng dụng di động đa nền tảng,1.5,0.5,2,,22GIT-KS
Lập trình game,1.5,0.5,2,,22GIT-KS
Kho dữ liệu,1.5,0.5,2,,22GIT-KS
Thực tập doanh nghiệp,0,3,3,,22GIT-KS
TỔNG,15,6,21,,
,,,,,
Tên học phần,Số tín chỉ,,,Ghi chú,
,LT,TH,Tổng,,
Kinh tế chính trị Mác - Lênin,2,0,2,,22JIT
Tư tưởng Hồ Chí Minh,2,0,2,,22JIT
Đảm bảo chất lượng và Kiểm thử phần mềm,3,0,3,,22JIT
Điện toán đám mây,1.5,0.5,2,,22JIT
Chuyên đề 3 (IT),2,0,2,Blockchain,22JIT
Đồ án chuyên ngành 2 (IT),0,1,1,,22JIT
Phát triển ứng dụng di động đa nền tảng,1.5,0.5,2,,22JIT
Tiếng Nhật nâng cao 1,2,0,2,,22JIT
Thực tập doanh nghiệp (IT),0,3,3,,22JIT
TỔNG,14,5,19,,
,,,,,
Tên học phần,Số tín chỉ,,,Ghi chú,
,LT,TH,Tổng,,
Kinh tế chính trị Mác - Lênin,2,0,2,,22KIT-KS
Tư tưởng Hồ Chí Minh,2,0,2,,22KIT-KS
Đảm bảo chất lượng và Kiểm thử phần mềm,3,0,3,,22KIT-KS
Điện toán đám mây,1.5,0.5,2,,22KIT-KS
Chuyên đề 3 (IT),2,0,2,Blockchain,22KIT-KS
Đồ án chuyên ngành 2 (IT),0,1,1,,22KIT-KS
Phát triển ứng dụng di động đa nền tảng,1.5,0.5,2,,22KIT-KS
Tiếng Hàn doanh nghiệp 3,3,0,3,,22KIT-KS
Thực tập doanh nghiệp (IT),0,3,3,,22KIT-KS
TỔNG,15,5,20,,
,,,,,
Tên học phần,Số tín chỉ,,,Ghi chú,
,LT,TH,Tổng,,
Kinh tế chính trị Mác - Lênin,2,0,2,,22AD
Tư tưởng Hồ Chí Minh,2,0,2,,22AD
Học sâu,2,1,3,,22AD
Phân tích dữ liệu,2,1,3,,22AD
Thị giác máy tính,2,1,3,,22AD
Chuyên đề 3 (IT),2,0,2,Sentiment analysis,22AD
Đồ án chuyên ngành 2 (IT),0,1,1,,22AD
Thực tập doanh nghiệp (IT),0,3,3,,22AD
TỔNG,12,7,19,,
,,,,,
Tên học phần,Số tín chỉ,,,Ghi chú,
,LT,TH,Tổng,,
Kinh tế chính trị Mác - Lênin,2,0,2,,22MC
Tư tưởng Hồ Chí Minh,2,0,2,,22MC
Chương trình dịch,2,0,2,,22MC
Lập trình Game,1.5,0.5,2,,22MC
Thiết kế nhân vật 2 chiều,1,1,2,,22MC
Chuyên đề 3 (IT),2,0,2,Quy trình sản xuất phim và Game,22MC
Đồ án chuyên ngành 2 (IT),0,1,1,,22MC
Truyền thông đại chúng ứng dụng,1,1,2,,22MC
Thiết kế Poster,1,1,2,,22MC
Thực tập doanh nghiệp (IT),0,3,3,,22MC
TỔNG,12.5,7.5,20,,
,,,,,
Tên học phần,Số tín chỉ,,,Ghi chú,
,LT,TH,Tổng,,
Kinh tế chính trị Mác –Lênin,2,0,2,,22DA
Tư tưởng Hồ Chí Minh,2,0,2,,22DA
Chương trình dịch,2,0,2,,22DA
Trí tuệ nhân tạo,2,1,3,,22DA
Chuyên đề 3 (IT),2,0,2,Chất liệu tạo hình,22DA
Đồ án chuyên ngành 2 (IT),0,1,1,,22DA
Thiết kế Logo,1,1,2,,22DA
Thiết kế bộ ấn phẩm văn phòng,1,1,2,,22DA
Thiết kế hoạt hình 2 chiều,1,1,2,,22DA
Thực tập doanh nghiệp (IT),0,3,3,,22DA
TỔNG,13,8,21,,
,,,,,
,,,,,
Tên học phần,Số tín chỉ,,,Ghi chú,
,LT,TH,Tổng,,
Lập trình mạng,1.5,0.5,2,,23SE1->3
Trí tuệ nhân tạo,2,1,3,,23SE1->3
Đồ án cơ sở 4 (IT),0,1,1,,23SE1->3
Thực tập thực tế (IT),0,1,1,,23SE1->3
Tiếng Anh nâng cao 3,2,0,2,,23SE1->3
Linux và phần mềm nguồn mở,1.5,0.5,2,,23SE1->3
Phân tích và thiết kế giải thuật,1.5,0.5,2,,23SE1->3
Lập trình hệ thống,1.5,0.5,2,,23SE1->3
Đồ họa máy tính,2,1,3,,23SE1->3
Chuyên đề 2 (IT),2,0,2,Xe tự hành,23SE1->3
TỔNG,14,6,20,,
,,,,,
Tên học phần,Số tín chỉ,,,Ghi chú,
,LT,TH,Tổng,,
Lập trình mạng,1.5,0.5,2,,23GIT
Trí tuệ nhân tạo,2,1,3,,23GIT
Đồ án cơ sở 4 (IT),0,1,1,,23GIT
Thực tập thực tế (IT),0,1,1,,23GIT
Tiếng Anh nâng cao 3,2,0,2,,23GIT
Linux và phần mềm nguồn mở,1.5,0.5,2,,23GIT
Phân tích và thiết kế giải thuật,1.5,0.5,2,,23GIT
Lập trình hệ thống,1.5,0.5,2,,23GIT
Đồ họa máy tính,2,1,3,,23GIT
Chuyên đề 2 (IT),2,0,2,Lập trình xe tự hành,23GIT
TỔNG,14,6,20,,
,,,,,
Tên học phần,Số tín chỉ,,,Ghi chú,
,LT,TH,Tổng,,
Lập trình mạng,1.5,0.5,2,,23JIT-KS
Trí tuệ nhân tạo,2,1,3,,23JIT-KS
Đồ án cơ sở 4 (IT),0,1,1,,23JIT-KS
Thực tập thực tế (IT),0,1,1,,23JIT-KS
Tiếng Nhật 2,2,0,2,,23JIT-KS
Linux và phần mềm nguồn mở,1.5,0.5,2,,23JIT-KS
Phân tích và thiết kế giải thuật,1.5,0.5,2,,23JIT-KS
Lập trình hệ thống,1.5,0.5,2,,23JIT-KS
Đồ họa máy tính,2,1,3,,23JIT-KS
Chuyên đề 2 (IT),2,0,2,Khởi nghiệp thực tế,23JIT-KS
TỔNG,14,6,20,,
,,,,,
Tên học phần,Số tín chỉ,,,Ghi chú,
,LT,TH,Tổng,,
Lập trình mạng,1.5,0.5,2,,23KIT-KS
Trí tuệ nhân tạo,2,1,3,,23KIT-KS
Đồ án cơ sở 4 (IT),0,1,1,,23KIT-KS
Thực tập thực tế (IT),0,1,1,,23KIT-KS
Tiếng Hàn doanh nghiệp 1,2,0,2,,23KIT-KS
Linux và phần mềm nguồn mở,1.5,0.5,2,,23KIT-KS
Phân tích và thiết kế giải thuật,1.5,0.5,2,,23KIT-KS
Lập trình hệ thống,1.5,0.5,2,,23KIT-KS
Đồ họa máy tính,2,1,3,,23KIT-KS
Chuyên đề 2 (IT),2,0,2,PosgresQL,23KIT-KS
TỔNG,14,6,20,,
,,,,,
Tên học phần,Số tín chỉ,,,Ghi chú,
,LT,TH,Tổng,,
Lập trình mạng,1.5,0.5,2,,23MC-KS
Trí tuệ nhân tạo,2,1,3,,23MC-KS
Đồ án cơ sở 4 (IT),0,1,1,,23MC-KS
Thực tập thực tế (IT),0,1,1,,23MC-KS
Tiếng Anh nâng cao 3,2,0,2,,23MC-KS
Kỹ thuật chụp ảnh và quay phim,1,1,2,,23MC-KS
Xử lý ảnh cơ bản,1,1,2,,23MC-KS
Kịch bản truyền thông,1,1,2,,23MC-KS
Thiết kế nhân vật 2 chiều,1,1,2,,23MC-KS
Chuyên đề 1 (IT),2,0,2,Luật phối cảnh,23MC-KS
TỔNG,11.5,7.5,19,,
,,,,,
Tên học phần,Số tín chỉ,,,Ghi chú,
,LT,TH,Tổng,,
Xác suất thống kê,2,0,2,,23DA
Toán rời rạc,2,0,2,,23DA
Lập trình di động,2,1,3,,23DA
Đồ án cơ sở 4 (IT),0,1,1,,23DA
Thực tập thực tế (IT),0,1,1,,23DA
Tiếng Anh nâng cao 3,2,0,2,,23DA
Nguyên lý thiết kế đồ họa,2,0,2,,23DA
Kỹ thuật chụp ảnh và quay phim,1,1,2,,23DA
Nghệ thuật chữ,1,1,2,,23DA
Chuyên đề 2 (IT),2,0,2,Giải phẫu tạo hình,23DA
TỔNG,14,5,19,,
,,,,,
,,,,,
Tên học phần,Số tín chỉ,,,Ghi chú,
,LT,TH,Tổng,,
Tiếng Anh 2,2,0,2,,24IT1->4
Tiếng Anh 3,2,0,2,,24IT1->4
Giải tích 2,2,0,2,,24IT1->4
Vật lý,2,0,2,,24IT1->4
Giáo dục thể chất 3,0,1,1,,24IT1->4
Kiến trúc máy tính,2,0,2,,24IT1->4
Nguyên lý hệ điều hành,2,0,2,,24IT1->4
Phân tích và thiết kế hệ thống,3,0,3,,24IT1->4
Công nghệ và lập trình web,2,1,3,,24IT1->4
Đồ án cơ sở 2 (IT),0,1,1,,24IT1->4
Tiếng Hàn 2,3,0,3,Tự chọn,24IT1->4
TỔNG,18,3,21,,
,,,,,
Tên học phần,Số tín chỉ,,,Ghi chú,
,LT,TH,Tổng,,
Tiếng Anh 2,2,0,2,,24GIT1
Tiếng Anh 3,2,0,2,,24GIT1
Giải tích 2,2,0,2,,24GIT1
Vật lý,2,0,2,,24GIT1
Giáo dục thể chất 3,0,1,1,,24GIT1
Kiến trúc máy tính,2,0,2,,24GIT1
Nguyên lý hệ điều hành,2,0,2,,24GIT1
Phân tích và thiết kế hệ thống,3,0,3,,24GIT1
Công nghệ và lập trình web,2,1,3,,24GIT1
Đồ án cơ sở 2 (IT),0,1,1,,24GIT1
TỔNG,15,3,18,,
,,,,,
Tên học phần,Số tín chỉ,,,Ghi chú,
,LT,TH,Tổng,,
Tiếng Anh 2,2,0,2,,24JIT-KS
Tiếng Anh 3,2,0,2,,24JIT-KS
Giải tích 2,2,0,2,,24JIT-KS
Vật lý,2,0,2,,24JIT-KS
Giáo dục thể chất 3,0,1,1,,24JIT-KS
Kiến trúc máy tính,2,0,2,,24JIT-KS
Nguyên lý hệ điều hành,2,0,2,,24JIT-KS
Phân tích và thiết kế hệ thống,3,0,3,,24JIT-KS
Công nghệ và lập trình web,2,1,3,,24JIT-KS
Đồ án cơ sở 2 (IT),0,1,1,,24JIT-KS
Tiếng Nhật 1,2,0,2,,24JIT-KS
TỔNG,17,3,20,,
,,,,,
Tên học phần,Số tín chỉ,,,Ghi chú,
,LT,TH,Tổng,,
Tiếng Anh 2,2,0,2,,24GT-KS
Tiếng Anh 3,2,0,2,,24GT-KS
Giải tích 2,2,0,2,,24GT-KS
Vật lý,2,0,2,,24GT-KS
Giáo dục thể chất 3,0,1,1,,24GT-KS
Kiến trúc máy tính,2,0,2,,24GT-KS
Nguyên lý hệ điều hành,2,0,2,,24GT-KS
Phân tích và thiết kế hệ thống,3,0,3,,24GT-KS
Công nghệ và lập trình web,2,1,3,,24GT-KS
Đồ án cơ sở 2 (IT),0,1,1,,24GT-KS
Tiếng Hàn 2,3,0,3,Tự chọn,24GT-KS
TỔNG,18,3,21,,
,,,,,
Tên học phần,Số tín chỉ,,,Ghi chú,
,LT,TH,Tổng,,
Tiếng Anh 1,3,0,3,,"25GIT-KS,25IT-KS,25GT-KS"
Nhập môn ngành và kỹ năng mềm (IT),1,1,2,,"25GIT-KS,25IT-KS,25GT-KS"
Lập trình cơ bản,2,1,3,,"25GIT-KS,25IT-KS,25GT-KS"
Giải tích 1,2,0,2,,"25GIT-KS,25IT-KS,25GT-KS"
Giáo dục thể chất 1,0,1,1,,"25GIT-KS,25IT-KS,25GT-KS"
Lập trình hướng đối tượng,2,1,3,,"25GIT-KS,25IT-KS,25GT-KS"
Cơ sở dữ liệu,2.5,0.5,3,,"25GIT-KS,25IT-KS,25GT-KS"
Tiếng Anh chuyên ngành 1 (IT),1,1,2,,"25GIT-KS,25IT-KS,25GT-KS"
TỔNG,13.5,5.5,19,,
,,,,,
,,,,,
,,,,,
Tên học phần,Số tín chỉ,,,Ghi chú,
,LT,TH,Tổng,,
Chủ nghĩa xã hội khoa học,2,0,2,,"22GIT-CN,22SE1B->2B"
Lịch sử Đảng Cộng sản Việt Nam,2,0,2,,"22GIT-CN,22SE1B->2B"
Quản trị dự án phần mềm,2,0,2,,"22GIT-CN,22SE1B->2B"
Phân tích và thiết kế giải thuật,1.5,0.5,2,,"22GIT-CN,22SE1B->2B"
Thiết kế UX/UI,1.5,0.5,2,,"22GIT-CN,22SE1B->2B"
Chuyên đề 3 (IT),2,0,2,AI-Data Science Projects/ Hệ khuyến nghị,"22GIT-CN,22SE1B->2B"
Đồ án chuyên ngành 2 (IT),0,1,1,,"22GIT-CN,22SE1B->2B"
Bảo mật và An toàn hệ thống thông tin,1.5,0.5,2,,"22GIT-CN,22SE1B->2B"
TỔNG,12.5,2.5,15,,
,,,,,
Tên học phần,Số tín chỉ,,,Ghi chú,
,LT,TH,Tổng,,
Chủ nghĩa xã hội khoa học,2,0,2,,22KIT-CN
Lịch sử Đảng Cộng sản Việt Nam,2,0,2,,22KIT-CN
Quản trị dự án phần mềm,2,0,2,,22KIT-CN
Thiết kế UX/UI,1.5,0.5,2,,22KIT-CN
Đồ án chuyên ngành 2 (IT),0,1,1,,22KIT-CN
Phát triển ứng dụng di động đa nền tảng,1.5,0.5,2,,22KIT-CN
Tiếng Hàn doanh nghiệp 3,3,0,3,,22KIT-CN
TỔNG,12,2,14,,
,,,,,
Tên học phần,Số tín chỉ,,,Ghi chú,
,LT,TH,Tổng,,
Chủ nghĩa xã hội khoa học,2,0,2,,22MCB
Lịch sử Đảng Cộng sản Việt Nam,2,0,2,,22MCB
Thiết kế nhân vật 3 chiều,1,1,2,,22MCB
Chuyên đề 3 (IT),2,0,2,Quy trình sản xuất phim và Game,22MCB
Đồ án chuyên ngành 2 (IT),0,1,1,,22MCB
Biên tập phim kỹ thuật số,1,1,2,,22MCB
Kịch bản truyền thông,1,1,2,,22MCB
Thiết kế hình hiệu (TV intro),1,1,2,,22MCB
TỔNG,10,5,15,,
,,,,,
,,,,,
Tên học phần,Số tín chỉ,,,Ghi chú,
,LT,TH,Tổng,,
Triết học Mác - Lênin,3,0,3,,"23GITB,23SE4->5"
Pháp luật đại cương,2,0,2,,"23GITB,23SE4->5"
Lập trình mạng,1.5,0.5,2,,"23GITB,23SE4->5"
Trí tuệ nhân tạo,2,1,3,,"23GITB,23SE4->5"
Đồ án cơ sở 4 (IT),0,1,1,,"23GITB,23SE4->5"
Thực tập thực tế (IT),0,1,1,,"23GITB,23SE4->5"
Kho dữ liệu,1.5,0.5,2,,"23GITB,23SE4->5"
TỔNG,7,4,14,,
,,,,,
Tên học phần,Số tín chỉ,,,Ghi chú,
,LT,TH,Tổng,,
Triết học Mác - Lênin,3,0,3,,23JIT-CN
Pháp luật đại cương,2,0,2,,23JIT-CN
Lập trình mạng,1.5,0.5,2,,23JIT-CN
Trí tuệ nhân tạo,2,1,3,,23JIT-CN
Đồ án cơ sở 4 (IT),0,1,1,,23JIT-CN
Thực tập thực tế (IT),0,1,1,,23JIT-CN
Tiếng Nhật 2,2,0,2,,23JIT-CN
Chuyên đề 2 (IT),2,0,2,Khởi nghiệp thực tế,23JIT-CN
TỔNG,12.5,3.5,16,,
,,,,,
Tên học phần,Số tín chỉ,,,Ghi chú,
,LT,TH,Tổng,,
Triết học Mác - Lênin,3,0,3,,23KIT-CN
Pháp luật đại cương,2,0,2,,23KIT-CN
Lập trình mạng,1.5,0.5,2,,23KIT-CN
Trí tuệ nhân tạo,2,1,3,,23KIT-CN
Đồ án cơ sở 4 (IT),0,1,1,,23KIT-CN
Thực tập thực tế (IT),0,1,1,,23KIT-CN
Tiếng Hàn doanh nghiệp 1,2,0,2,,23KIT-CN
TỔNG,10.5,3.5,14,,
,,,,,
Tên học phần,Số tín chỉ,,,Ghi chú,
,LT,TH,Tổng,,
Triết học Mác - Lênin,3,0,3,,23MC-CN
Pháp luật đại cương,2,0,2,,23MC-CN
Xác suất thống kê,2,0,2,,23MC-CN
Toán rời rạc,2,0,2,,23MC-CN
Trí tuệ nhân tạo,2,1,3,,23MC-CN
Đồ án cơ sở 4 (IT),0,1,1,,23MC-CN
Thực tập thực tế (IT),0,1,1,,23MC-CN
Xử lý ảnh cơ bản,1,1,2,,23MC-CN
Chuyên đề 1 (IT),2,0,2,Luật phối cảnh,23MC-CN
TỔNG,14,4,18,,
,,,,,
,,,,,
Tên học phần,Số tín chỉ,,,Ghi chú,
,LT,TH,Tổng,,
Tiếng Anh 2,2,0,2,,"24GIT2,24IT5->7"
Tiếng Anh 3,2,0,2,,"24GIT2,24IT5->7"
Giải tích 2,2,0,2,,"24GIT2,24IT5->7"
Vật lý,2,0,2,,"24GIT2,24IT5->7"
Giáo dục thể chất 2,0,1,1,,"24GIT2,24IT5->7"
Kiến trúc máy tính,2,0,2,,"24GIT2,24IT5->7"
Nguyên lý hệ điều hành,2,0,2,,"24GIT2,24IT5->7"
Phân tích và thiết kế hệ thống,3,0,3,,"24GIT2,24IT5->7"
Công nghệ và lập trình web,2,1,3,,"24GIT2,24IT5->7"
Đồ án cơ sở 2 (IT),0,1,1,,"24GIT2,24IT5->7"
Tiếng Hàn 2,3,0,3,Tự chọn,"24GIT2,24IT5->7"
TỔNG,18,3,21,,
,,,,,
Tên học phần,Số tín chỉ,,,Ghi chú,
,LT,TH,Tổng,,
Tiếng Anh 2,2,0,2,,24JIT-CN
Tiếng Anh 3,2,0,2,,24JIT-CN
Giải tích 2,2,0,2,,24JIT-CN
Vật lý,2,0,2,,24JIT-CN
Giáo dục thể chất 2,0,1,1,,24JIT-CN
Kiến trúc máy tính,2,0,2,,24JIT-CN
Nguyên lý hệ điều hành,2,0,2,,24JIT-CN
Phân tích và thiết kế hệ thống,3,0,3,,24JIT-CN
Công nghệ và lập trình web,2,1,3,,24JIT-CN
Đồ án cơ sở 2 (IT),0,1,1,,24JIT-CN
Tiếng Nhật 1,2,0,2,,24JIT-CN
TỔNG,17,3,20,,
,,,,,
Tên học phần,Số tín chỉ,,,Ghi chú,
,LT,TH,Tổng,,
Tiếng Anh 1,3,0,3,,"25GIT-CN,25IT-CN"
Nhập môn ngành và kỹ năng mềm (IT),1,1,2,,"25GIT-CN,25IT-CN"
Lập trình cơ bản,2,1,3,,"25GIT-CN,25IT-CN"
Giải tích 1,2,0,2,,"25GIT-CN,25IT-CN"
Cơ sở dữ liệu,2.5,0.5,3,,"25GIT-CN,25IT-CN"
Lập trình hướng đối tượng,2,1,3,,"25GIT-CN,25IT-CN"
Tiếng Anh chuyên ngành 1 (IT),1,1,2,,"25GIT-CN,25IT-CN"
TỔNG,13.5,4.5,18,,
,,,,,
,,,,,
Tên học phần,Số tín chỉ,,,Ghi chú,
,LT,TH,Tổng,,
Chủ nghĩa xã hội khoa học,2,0,2,,22ITe
Lịch sử Đảng Cộng sản Việt Nam,2,0,2,,22ITe
Quản trị dự án phần mềm,2,0,2,,22ITe
Phân tích và thiết kế giải thuật,1.5,0.5,2,,22ITe
Thiết kế UX/UI,1.5,0.5,2,,22ITe
Chuyên đề 3 (IT),2,0,2,Blockchain,22ITe
Đồ án chuyên ngành 2 (IT),0,1,1,,22ITe
Bảo mật và An toàn hệ thống thông tin,1.5,0.5,2,,22ITe
TỔNG,12.5,2.5,15,,
,,,,,
Tên học phần,Số tín chỉ,,,Ghi chú,
,LT,TH,Tổng,,
Triết học Mác - Lênin,3,0,3,,23ITe1->2
Pháp luật đại cương,2,0,2,,23ITe1->2
Lập trình mạng,1.5,0.5,2,,23ITe1->2
Trí tuệ nhân tạo,2,1,3,,23ITe1->2
Đồ án cơ sở 4 (IT),0,1,1,,23ITe1->2
Thực tập thực tế (IT),0,1,1,,23ITe1->2
Kho dữ liệu,1.5,0.5,2,,23ITe1->2
TỔNG,10,4,14,,
,,,,,
Tên học phần,Số tín chỉ,,,Ghi chú,
,LT,TH,Tổng,,
Tiếng Anh 2,2,0,2,,"24GITe,24ITe"
Tiếng Anh 3,2,0,2,,"24GITe,24ITe"
Giải tích 2,2,0,2,,"24GITe,24ITe"
Vật lý,2,0,2,,"24GITe,24ITe"
Giáo dục thể chất 2,0,1,1,,"24GITe,24ITe"
Kiến trúc máy tính,2,0,2,,"24GITe,24ITe"
Nguyên lý hệ điều hành,2,0,2,,"24GITe,24ITe"
Phân tích và thiết kế hệ thống,3,0,3,,"24GITe,24ITe"
Công nghệ và lập trình web,2,1,3,,"24GITe,24ITe"
Đồ án cơ sở 2 (IT),0,1,1,,"24GITe,24ITe"
Tiếng Hàn 2,3,0,3,Tự chọn,"24GITe,24ITe"
TỔNG,20,3,21,,
,,,,,
Tên học phần,Số tín chỉ,,,Ghi chú,
,LT,TH,Tổng,,
Tiếng Anh 1,3,,3,,25GITe
Nhập môn ngành và kỹ năng mềm,1,1,2,,25GITe
Lập trình cơ bản,2,1,3,,25GITe
Giải tích 1,2,,2,,25GITe
Cơ sở dữ liệu,2.5,0.5,3,,25GITe
Lập trình hướng đối tượng,2,1,3,,25GITe
Tiếng Anh chuyên ngành 1 (IT),1,1,2,,25GITe
TỔNG,13.5,4.5,18,,
,,,,,
,,,,,
Tên học phần,Số tín chỉ,,,Ghi chú,
,LT,TH,Tổng,,
Xác suất thống kê,2,,2,,23AI
Phân tích và thiết kế giải thuật,1.5,0.5,2,,23AI
Đồ họa máy tính,2,1,3,,23AI
Đồ án cơ sở 4 (IT),,1,1,,23AI
Thực tập thực tế (IT),,1,1,,23AI
Tiếng Anh nâng cao 3,2,0,2,,23AI
Toán cho học máy,2,1,3,,23AI
Học máy,2,1,3,,23AI
Chuyên đề 1 (IT),2,,2,Phân tích dữ liệu tài chính,23AI
Kho dữ liệu,1.5,0.5,2,,23AI
TỔNG,15,6,21,,
,,,,,
Tên học phần,Số tín chỉ,,,Ghi chú,
,LT,TH,Tổng,,
Tiếng Anh 2,2,0,2,,24AI
Tiếng Anh 3,2,0,2,,24AI
Giải tích 2,2,0,2,,24AI
Vật lý,2,0,2,,24AI
Giáo dục thể chất 3,0,1,1,,24AI
Mạng máy tính,2,1,3,,24AI
Phân tích và thiết kế hệ thống,3,0,3,,24AI
Công nghệ và lập trình web,2,1,3,,24AI
Xác suất thống kê,2,0,2,,24AI
Đồ án cơ sở 2 (IT),0,1,1,,24AI
Tiếng Hàn 2,3,0,3,Tự chọn,24AI
TỔNG,18,4,22,,
,,,,,
Tên học phần,Số tín chỉ,,,Ghi chú,
,LT,TH,Tổng,,
Tiếng Anh 1,3,0,3,,"25AI,25AI-DL"
Nhập môn ngành và kỹ năng mềm (IT),1,1,2,,"25AI,25AI-DL"
Lập trình cơ bản,2,1,3,,"25AI,25AI-DL"
Giải tích 1,2,0,2,,"25AI,25AI-DL"
Giáo dục thể chất 1,0,1,1,,"25AI,25AI-DL"
Lập trình hướng đối tượng,2,1,3,,"25AI,25AI-DL"
Cơ sở dữ liệu,2.5,0.5,3,,"25AI,25AI-DL"
Tiếng Anh chuyên ngành 1,1,1,2,,"25AI,25AI-DL"
TỔNG,11,5,19,,
,,,,,
,,,,,
,,,,,
Tên học phần,Số tín chỉ,,,Ghi chú,
,LT,TH,Tổng,,
Tiếng Anh 2,2,0,2,,24MT
Tiếng Anh 3,2,0,2,,24MT
Mỹ học đại cương,2,0,2,,24MT
Lịch sử mỹ thuật Việt nam và thế giới,2,0,2,,24MT
Giáo dục thể chất 2,0,1,1,,24MT
Nguyên lý thị giác,1,1,2,,24MT
Đồ án cơ sở 2 (IT),0,1,1,,24MT
Cơ sở dữ liệu,2.5,0.5,3,,24MT
Phân tích và thiết kế hệ thống,3,0,3,,24MT
Đồ họa 2D,1,1,2,,24MT
Tiếng Hàn 2,3,0,3,Tự chọn,24MT
TỔNG,16.5,4.5,21,,
,,,,,
Tên học phần,Số tín chỉ,,,Ghi chú,
,LT,TH,Tổng,,
Tiếng Anh 2,2,,2,,24DA
Tiếng Anh 3,2,,2,,24DA
Mỹ học đại cương,2,,2,,24DA
Lịch sử mỹ thuật Việt nam và thế giới,2,,2,,24DA
Giáo dục thể chất 2,,1,1,,24DA
Luật xa gần,1,1,2,,24DA
Nguyên lý thị giác,1,1,2,,24DA
Đồ án cơ sở 2 (IT),,1,1,,24DA
Đồ họa 2D,1,1,2,,24DA
Chất liệu tạo hình,1,1,2,,24DA
Tiếng Hàn 2,3,0,3,Tự chọn,24DA
TỔNG,13,6,19,,
,,,,,
Tên học phần,Số tín chỉ,,,Ghi chú,
,LT,TH,Tổng,,
Pháp luật đại cương,2,0,2,,"25MT, 25DA"
Tiếng Anh 1,3,0,3,,"25MT, 25DA"
Nhập môn ngành và kỹ năng mềm,1,1,2,,"25MT, 25DA"
Lập trình cơ bản,2,1,3,,"25MT, 25DA"
Hình họa 1,1,1,2,,"25MT, 25DA"
Cơ sở tạo hình 1,1,1,2,,"25MT, 25DA"
Giải phẫu tạo hình,1,1,2,,"25MT, 25DA"
Tiếng Anh chuyên ngành 1 (IT),1,1,2,,"25MT, 25DA"
TỔNG,12,6,18,,
,,,,,
,,,,,
,,,,,
Tên học phần,Số tín chỉ,,,Ghi chú,
,LT,TH,Tổng,,
Thực tập tốt nghiệp (CE),0,3,3,,21CE1->2
Đồ án tốt nghiệp (CE),0,10,10,,21CE1->2
TỔNG,0,13,13,,
,,,,,
Chuyên ngành Hệ thống nhúng và IoT,,,,,
Tên học phần,Số tín chỉ,,,Ghi chú,
,LT,TH,Tổng,,
Kinh tế chính trị Mác - Lênin,2,0,2,,22ES-KS
Tư tưởng Hồ Chí Minh,2,0,2,,22ES-KS
Chương trình dịch,2,0,2,,22ES-KS
Chuyên đề 3 (CE),2,0,2,Lập trình ô tô,22ES-KS
Đồ án chuyên ngành 2 (CE),0,1,1,,22ES-KS
Thực tập doanh nghiệp (CE),0,0,3,,22ES-KS
Thiết kế VLSI,2,1,3,,22ES-KS
Lập trình Python cho hệ thống nhúng,2,1,3,,22ES-KS
TỔNG,12,3,18,,
Chuyên ngành Thiết kế vi mạch bán dẫn,,,,,
Tên học phần,Số tín chỉ,,,Ghi chú,
,LT,TH,Tổng,,
Kinh tế chính trị Mác - Lênin,2,0,2,,22IC-KS
Tư tưởng Hồ Chí Minh,2,0,2,,22IC-KS
Chương trình dịch,2,0,2,,22IC-KS
Thiết kế IC số,2,1,3,,22IC-KS
Thực tập doanh nghiệp (CE),0,0,3,,22IC-KS
Thiết kế VLSI,2,1,3,,22IC-KS
Đồ án thiết kế 1 (CE),0,1,1,,22IC-KS
Lập trình Python cho hệ thống nhúng,2,1,3,,22IC-KS
TỔNG,12,4,19,,
,,,,,
Chuyên ngành Hệ thống nhúng và IoT,,,,,
Tên học phần,Số tín chỉ,,,Ghi chú,
,LT,TH,Tổng,,
Xác suất thống kê,2,0,2,,23ES-KS
Lập trình mạng,1.5,0.5,2,,23ES-KS
Lập trình hệ thống nhúng,2,1,3,,23ES-KS
Đồ án cơ sở 4 (CE),0,1,1,,23ES-KS
Thực tập thực tế (CE),0,1,1,,23ES-KS
Tiếng Anh nâng cao 3,2,0,2,,23ES-KS
Xử lý tín hiệu số,2,0,2,,23ES-KS
Truyền số liệu,2,0,2,,23ES-KS
Chuyên đề 1 (CE),2,0,2,Thiết bị đo,23ES-KS
TỔNG,13.5,3.5,17,,
Chuyên ngành Thiết kế vi mạch bán dẫn,,,,,
Tên học phần,Số tín chỉ,,,Ghi chú,
,LT,TH,Tổng,,
Xác suất thống kê,2,0,2,,23IC-KS
Lập trình mạng,1.5,0.5,2,,23IC-KS
Lập trình hệ thống nhúng,2,1,3,,23IC-KS
Đồ án cơ sở 4 (CE),0,1,1,,23IC-KS
Thực tập thực tế (CE),0,1,1,,23IC-KS
Tiếng Anh nâng cao 3,2,0,2,,23IC-KS
Xử lý tín hiệu số,2,0,2,,23IC-KS
Trường điện từ và lab,2,1,3,,23IC-KS
Chuyên đề 1 (CE),2,0,2,Ngôn ngữ mô tả phần cứng,23IC-KS
TỔNG,13.5,4.5,18,,
,,,,,
Chuyên ngành Hệ thống nhúng và IoT,,,,,
Tên học phần,Số tín chỉ,,,Ghi chú,
,LT,TH,Tổng,,
Tiếng Anh 2,2,0,2,,"24GCE,24CE-KS"
Tiếng Anh 3,2,0,2,,"24GCE,24CE-KS"
Giải tích 2,2,0,2,,"24GCE,24CE-KS"
Vật lý,2,0,2,,"24GCE,24CE-KS"
Khởi nghiệp và đổi mới sáng tạo,2,0,2,,"24GCE,24CE-KS"
Giáo dục thể chất 3,0,1,1,,"24GCE,24CE-KS"
Phân tích và thiết kế hệ thống,3,0,3,,"24GCE,24CE-KS"
Kiến trúc máy tính,2,0,2,,"24GCE,24CE-KS"
Đồ án cơ sở 2 (CE),0,1,1,,"24GCE,24CE-KS"
Hệ thống số,1.5,0.5,2,,"24GCE,24CE-KS"
Tiếng Hàn 2,3,0,3,Tự chọn,"24GCE,24CE-KS"
TỔNG,17.5,2.5,20,,
Chuyên ngành Thiết kế vi mạch bán dẫn,,,,,
Tên học phần,Số tín chỉ,,,Ghi chú,
,LT,TH,Tổng,,
Tiếng Anh 2,2,0,2,,24GIC
Tiếng Anh 3,2,0,2,,24GIC
Giải tích 2,2,0,2,,24GIC
Vật lý,2,0,2,,24GIC
Khởi nghiệp và đổi mới sáng tạo,2,0,2,,24GIC
Giáo dục thể chất 3,0,1,1,,24GIC
Kiến trúc máy tính,2,0,2,,24GIC
Đồ án cơ sở 2 (CE),0,1,1,,24GIC
Mạch điện và lab,2,1,3,,24GIC
Hệ thống số - A,2,1,3,,24GIC
Tiếng Hàn 2,3,0,3,Tự chọn,24GIC
TỔNG,17,4,21,,
,,,,,
Tên học phần,Số tín chỉ,,,Ghi chú,
,LT,TH,Tổng,,
Tiếng Anh 1,3,0,3,,"25GIC,25GCE,25AS"
Nhập môn ngành và kỹ năng mềm (CE),1,1,2,,"25GIC,25GCE,25AS"
Lập trình cơ bản,2,1,3,,"25GIC,25GCE,25AS"
Giải tích 1,2,0,2,,"25GIC,25GCE,25AS"
Giáo dục thể chất 1,0,1,1,,"25GIC,25GCE,25AS"
Cơ sở dữ liệu,2.5,0.5,3,,"25GIC,25GCE,25AS"
Lập trình hướng đối tượng,2,1,3,,"25GIC,25GCE,25AS"
Cấu kiện điện tử,1.5,0.5,2,,"25GIC,25GCE,25AS"
Tiếng Anh chuyên ngành 1 (CE),1,1,2,,"25GIC,25GCE,25AS"
TỔNG,15,6,21,,
,,,,,
,,,,,
Chuyên ngành Hệ thống nhúng và IoT,,,,,
Tên học phần,Số tín chỉ,,,Ghi chú,
,LT,TH,Tổng,,
Chủ nghĩa xã hội khoa học,2,0,2,,22ES-CN
Lịch sử Đảng cộng sản Việt Nam,2,0,2,,22ES-CN
Lập trình Python cho hệ thống nhúng,2,1,3,,22ES-CN
Thị giác máy tính,2,1,3,,22ES-CN
Đồ án chuyên ngành 2 (CE),0,1,1,,22ES-CN
Thiết kế IC tương tự,2,1,3,,22ES-CN
TỔNG,10,4,14,,
Chuyên ngành Thiết kế vi mạch bán dẫn,,,,,
Tên học phần,Số tín chỉ,,,Ghi chú,
,LT,TH,Tổng,,
Chủ nghĩa xã hội khoa học,2,0,2,,22IC-CN
Lịch sử Đảng cộng sản Việt Nam,2,0,2,,22IC-CN
Lập trình Python cho hệ thống nhúng,2,1,3,,22IC-CN
Đồ án chuyên ngành 2 (CE),0,1,1,,22IC-CN
Thiết kế IC tương tự,2,1,3,,22IC-CN
Thiết kế VLSI,2,1,3,,22IC-CN
TỔNG,10,4,14,,
,,,,,
Chuyên ngành Hệ thống nhúng và IoT,,,,,
Tên học phần,Số tín chỉ,,,Ghi chú,
,LT,TH,Tổng,,
Triết học Mác - Lênin,3,0,3,,23ES-CN
Lập trình mạng,1.5,0.5,2,,23ES-CN
Mạng máy tính,2,1,3,,23ES-CN
Lập trình di động,2,1,3,,23ES-CN
Đồ án cơ sở 4 (CE),0,1,1,,23ES-CN
Thực tập thực tế (CE),0,1,1,,23ES-CN
Chuyên đề 2 (CE),2,0,2,Matlab,23ES-CN
Hệ thống di động và cảm biến,1,1,2,,23ES-CN
TỔNG,11.5,5.5,17,,
Chuyên ngành Thiết kế vi mạch bán dẫn,,,,,
Tên học phần,Số tín chỉ,,,Ghi chú,
,LT,TH,Tổng,,
Triết học Mác - Lênin,3,0,3,,23IC-CN
Lập trình mạng,1.5,0.5,2,,23IC-CN
Mạng máy tính,2,1,3,,23IC-CN
Lập trình di động,2,1,3,,23IC-CN
Đồ án cơ sở 4 (CE),0,1,1,,23IC-CN
Thực tập thực tế (CE),0,1,1,,23IC-CN
Chuyên đề 2 (CE),2,0,2,Matlab,23IC-CN
Thiết kế FPGA/ASIC với Verilog,2,1,3,,23IC-CN
TỔNG,12.5,5.5,18,,
,,,,,
Chuyên ngành Hệ thống nhúng và IoT,,,,,
Tên học phần,Số tín chỉ,,,Ghi chú,
,LT,TH,Tổng,,
Tiếng Anh 2,2,0,2,,24CE-CN
Tiếng Anh 3,2,0,2,,24CE-CN
Giải tích 2,2,0,2,,24CE-CN
Vật lý,2,0,2,,24CE-CN
Khởi nghiệp và đổi mới sáng tạo,2,0,2,,24CE-CN
Giáo dục thể chất 3,0,1,1,,24CE-CN
Phân tích và thiết kế hệ thống,3,0,3,,24CE-CN
Kiến trúc máy tính,2,0,2,,24CE-CN
Hệ thống số,1.5,0.5,2,,24CE-CN
Đồ án cơ sở 2 (CE),0,1,1,,24CE-CN
Tiếng Hàn 2,3,0,3,Tự chọn,24CE-CN
TỔNG,17.5,2.5,20,,
,,,,,
Tên học phần,Số tín chỉ,,,Ghi chú,
,LT,TH,Tổng,,
Tiếng Anh 1,3,0,3,,25CE-CN
Lập trình cơ bản,2,1,3,,25CE-CN
Giải tích 1,2,0,2,,25CE-CN
Giáo dục thể chất 1,0,1,1,,25CE-CN
Cơ sở dữ liệu,2.5,0.5,3,,25CE-CN
Lập trình hướng đối tượng,2,1,3,,25CE-CN
Cấu kiện điện tử,1.5,0.5,2,,25CE-CN
Tiếng Anh chuyên ngành 1 (CE),1,1,2,,25CE-CN
TỔNG,14,5,19,,
,,,,,
,,,,,
Tên học phần,Số tín chỉ,,,Ghi chú,
,LT,TH/BT,Tổng,,
Thực tập tốt nghiệp (IT),0,3,3,,"21IR,21NS"
Đồ án tốt nghiệp (IT),0,10,10,,"21IR,21NS"
TỔNG,0,13,13,,
,,,,,
,,,,,
Tên học phần,Số tín chỉ,,,Ghi chú,
,LT,TH,Tổng,,
Kinh tế chính trị Mác - Lênin,2,0,2,,22IR
Tư tưởng Hồ Chí Minh,2,0,2,,22IR
Chương trình dịch,2,0,2,,22IR
Kỹ thuật Robot,2,0,2,,22IR
Chuyên đề 3 (IT),2,0,2,Hệ thống thông minh,22IR
Đồ án chuyên ngành 2 (IT),0,1,1,,22IR
Điện tử ứng dụng,2,1,3,,22IR
Hệ thống thời gian thực,1,1,2,,22IR
Linux và phần mềm nguồn mở,1.5,0.5,2,,22IR
Thực tập doanh nghiệp (IT),0,3,3,,22IR
TỔNG,14.5,6.5,21,,
,,,,,
Tên học phần,Số tín chỉ,,,Ghi chú,
,LT,TH,Tổng,,
Kinh tế chính trị Mác - Lênin,2,0,2,,22NS
Tư tưởng Hồ Chí Minh,2,0,2,,22NS
Chương trình dịch,2,0,2,,22NS
Lập trình Python,2,1,3,,22NS
Mật mã học,3,0,3,,22NS
Chuyên đề 3 (IT),2,0,2,Tấn công và phòng thủ ứng dụng web,22NS
Đồ án chuyên ngành 2 (IT),0,1,1,,22NS
Kiểm thử xâm nhập,1.5,0.5,2,,22NS
Thực tập doanh nghiệp (IT),0,3,3,,22NS
TỔNG,14.5,5.5,20,,
,,,,,
,,,,,
Tên học phần,Số tín chỉ,,,Ghi chú,
,LT,TH,Tổng,,
Lập trình mạng,1.5,0.5,2,,23NS1->2
Trí tuệ nhân tạo,2,1,3,,23NS1->2
Đồ án cơ sở 4,0,1,1,,23NS1->2
Thực tập thực tế (IT),0,1,1,,23NS1->2
Tiếng Anh nâng cao 3,2,0,2,,23NS1->2
Truyền số liệu,2,0,2,,23NS1->2
Linux và phần mềm nguồn mở,1.5,0.5,2,,23NS1->2
Chuyển mạch và định tuyến,2,1,3,,23NS1->2
Thiết kế và xây dựng hệ thống mạng,1,1,2,,23NS1->2
Chuyên đề 1 (IT),2,0,2,"Chuyển mạch, định tuyến và bảo mật hạ tầng mạng",23NS1->2
TỔNG,11,5,20,,
,,,,,
,,,,,
,,,,,
Tên học phần,Số tín chỉ,,,Ghi chú,
,LT,TH,Tổng,,
Chủ nghĩa xã hội khoa học,2,0,2,,22IRB
Lịch sử Đảng Cộng sản Việt Nam,2,0,2,,22IRB
Kỹ thuật Robot,2,0,2,,22IRB
Chuyên đề 3 (IT),2,0,2,Hệ thống thông minh,22IRB
Đồ án chuyên ngành 2 (IT),0,1,1,,22IRB
Lập trình Python cho hệ thống nhúng,2,1,3,,22IRB
Mạng cảm biến không dây,1.5,0.5,2,,22IRB
TỔNG,11.5,2.5,14,,
,,,,,
,,,,,
Tên học phần,Số tín chỉ,,,Ghi chú,
,LT,TH,Tổng,,
Tiếng Anh 2,2,0,2,,24NS
Tiếng Anh 3,2,0,2,,24NS
Giải tích 2,2,0,2,,24NS
Vật lý,2,0,2,,24NS
Giáo dục thể chất 3,0,1,1,,24NS
Lập trình hướng đối tượng,2,0,2,,24NS
Phân tích và thiết kế hệ thống,3,0,3,,24NS
Lập trình Python,2,1,3,,24NS
Đồ án cơ sở 2 (IT),0,1,1,,24NS
Tiếng Hàn 2,3,0,3,Tự chọn,24NS
TỔNG,16,3,19,,
,,,,,
Tên học phần,Số tín chỉ,,,Ghi chú,
,LT,TH,Tổng,,
Tiếng Anh 1,3,0,3,,25NS
Nhập môn ngành và kỹ năng mềm (IT),1,1,2,,25NS
Lập trình cơ bản,2,0,3,,25NS
Giải tích 1,2,0,2,,25NS
Giáo dục thể chất 1,0,1,1,,25NS
Cơ sở dữ liệu,2.5,0.5,3,,25NS
Kiến trúc máy tính,3,0,3,,25NS
Tiếng Anh chuyên ngành 1 (IT),1,1,2,,25NS
TỔNG,14.5,3.5,19,,
,,,,,
,,,,,
,,,,,
,,,,,
Tên học phần,Số tín chỉ,,,Ghi chú,
,LT,TH,Tổng,,
Lịch sử Đảng Cộng sản Việt Nam,2,0,2,,22DM
Tư tưởng Hồ Chí Minh,2,0,2,,22DM
Khởi sự kinh doanh,3,0,3,,22DM
Phân tích Marketing số,1.5,0.5,2,,22DM
Quảng cáo hiển thị và video,1.5,0.5,2,,22DM
Chuyên đề 1 (BA),1.5,0.5,2,Trực quan hóa dữ liệu,22DM
Chiến lược Digital Marketing,3,0,3,,22DM
TỔNG,14.5,1.5,16,,
,,,,,
Tên học phần,Số tín chỉ,,,Ghi chú,
,LT,TH,Tổng,,
Lịch sử Đảng Cộng sản Việt Nam,2,0,2,,22BA
Tư tưởng Hồ Chí Minh,2,0,2,,22BA
Khởi sự kinh doanh,3,0,3,,22BA
An toàn và bảo mật trong TMĐT,1.5,0.5,2,,22BA
Thiết kế Website Thương mại điện tử 2,1.5,0.5,2,,22BA
Quản trị thương hiệu,2,0,2,,22BA
Chuyên đề 2 (BA),1.5,0.5,2,Blockchain trong TMĐT,22BA
Quản trị bán hàng,2,0,2,,22BA
TỔNG,15.5,1.5,17,,
,,,,,
,,,,,
Tên học phần,Số tín chỉ,,,Ghi chú,
,LT,TH,Tổng,,
Lịch sử Đảng Cộng sản Việt Nam,2,0,2,,22GBA-DM
Tư tưởng Hồ Chí Minh,2,0,2,,22GBA-DM
Khởi sự kinh doanh,3,0,3,,22GBA-DM
Phân tích Marketing số,1.5,0.5,2,,22GBA-DM
Quảng cáo hiển thị và video,1.5,0.5,2,,22GBA-DM
Chuyên đề 1 (BA),1.5,0.5,2,Trực quan hóa dữ liệu,22GBA-DM
Chiến lược Digital Marketing,3,0,3,,22GBA-DM
TỔNG,14.5,1.5,16,,
,,,,,
Tên học phần,Số tín chỉ,,,Ghi chú,
,LT,TH,Tổng,,
Lịch sử Đảng Cộng sản Việt Nam,2,0,2,,22GBA-BA
Tư tưởng Hồ Chí Minh,2,0,2,,22GBA-BA
Khởi sự kinh doanh,3,0,3,,22GBA-BA
An toàn và bảo mật trong TMĐT,1.5,0.5,2,,22GBA-BA
Thiết kế Website Thương mại điện tử 2,1.5,0.5,2,,22GBA-BA
Quản trị thương hiệu,2,0,2,,22GBA-BA
Chuyên đề 2 (BA),1.5,0.5,2,Blockchain trong TMĐT,22GBA-BA
Quản trị bán hàng,2,0,2,,22GBA-BA
TỔNG,15.5,1.5,17,,
,,,,,
Tên học phần,Số tín chỉ,,,Ghi chú,
,LT,TH,Tổng,,
Lịch sử Đảng Cộng sản Việt Nam,2,0,2,,22ET
Tư tưởng Hồ Chí Minh,2,0,2,,22ET
Khởi sự kinh doanh,3,0,3,,22ET
Quản trị chất lượng dịch vụ du lịch,2,0,2,,22ET
Thanh toán quốc tế trong du lịch,1.5,0.5,2,,22ET
Nghiệp vụ hướng dẫn du lịch,1.5,0.5,2,,22ET
Chuyên đề 2 (BA),1.5,0.5,2,Du lịch bền vững,22ET
TỔNG,13.5,1.5,15,,
,,,,,
Tên học phần,Số tín chỉ,,,Ghi chú,
,LT,TH,Tổng,,
Lịch sử Đảng cộng sản Việt Nam,2,0,2,,22EL1->2
Tư tưởng Hồ Chí Minh,2,0,2,,22EL1->2
Khởi sự kinh doanh,3,0,3,,22EL1->2
Thực hành mô phỏng trong Logistics,0,2,2,,22EL1->2
An toàn và bảo mật trong E-logistics,2,0,2,,22EL1->2
Khai phá và lưu trữ dữ liệu Logistics,1.5,0.5,2,,22EL1->2
Chiến lược kinh doanh điện tử,2,0,2,,22EL1->2
TỔNG,12.5,2.5,15,,
,,,,,
Tên học phần,Số tín chỉ,,,Ghi chú,
,LT,TH,Tổng,,
Lịch sử Đảng Cộng sản Việt Nam,2,0,2,,22EF
Tư tưởng Hồ Chí Minh,2,0,2,,22EF
Khởi sự kinh doanh,3,0,3,,22EF
Đầu tư tài chính,2,0,2,,22EF
Hệ thống thanh toán quốc tế,2,0,2,,22EF
An toàn bảo mật thông tin tài chính,1.5,0.5,2,,22EF
Chuyên đề 2 (BA),2,0,2,Đổi mới sáng tạo trong tài chính,22EF
TỔNG,14.5,0.5,15,,
,,,,,
Tên học phần,Số tín chỉ,,,Ghi chú,
,LT,TH,Tổng,,
Lịch sử Đảng Cộng Sản Việt Nam,2,0,2,,22IM
Tư tưởng Hồ Chí Minh,2,0,2,,22IM
Khởi sự kinh doanh,3,0,3,,22IM
Lập dự án đầu tư,2.5,0.5,3,,22IM
Quản lý rủi ro dự án CNTT,2.5,0.5,3,,22IM
Quản lý dự án Công nghệ thông tin,2.5,0.5,3,,22IM
Công nghệ website,1.5,0.5,2,,22IM
TỔNG,16,2,18,,
,,,,,
,,,,,
Tên học phần,Số tín chỉ,,,Ghi chú,
,LT,TH,Tổng,,
Triết học Mác - Lênin,3,0,3,,23DM1->2
Đạo đức trong kinh doanh,2,0,2,,23DM1->2
Tiếng Anh nâng cao 2,2,0,2,,23DM1->2
Kinh doanh quốc tế,3,0,3,,23DM1->2
Truyền thông marketing tích hợp (IMC),3,0,3,,23DM1->2
Phương pháp NCKH trong kinh doanh,1.5,0.5,2,,23DM1->2
Marketing truyền thông xã hội,1.5,0.5,2,,23DM1->2
Quản trị trải nghiệm khách hàng,2,0,2,,23DM1->2
Đề án 4 (BA),0,1,1,,23DM1->2
TỔNG,18,2,20,,
,,,,,
Tên học phần,Số tín chỉ,,,Ghi chú,
,LT,TH,Tổng,,
Triết học Mác - Lênin,3,0,3,,23BA
Đạo đức trong kinh doanh,2,0,2,,23BA
Kinh doanh quốc tế,3,0,3,,23BA
Tiếng Anh nâng cao 2,2,0,2,,23BA
Quản trị chuỗi cung ứng,2,0,2,,23BA
Phương pháp NCKH trong kinh doanh,1.5,0.5,2,,23BA
Chiến lược kinh doanh điện tử,2,0,2,,23BA
Thanh toán điện tử,1.5,0.5,2,,23BA
Đề án 4 (BA),0,1,1,,23BA
TỔNG,17,2,19,,
,,,,,
,,,,,
Tên học phần,Số tín chỉ,,,Ghi chú,
,LT,TH,Tổng,,
Triết học Mác - Lênin,3,0,3,,23GBA-BA
Đạo đức trong kinh doanh,2,0,2,,23GBA-BA
Kinh doanh quốc tế,3,0,3,,23GBA-BA
Tiếng Anh nâng cao 2,2,0,2,,23GBA-BA
Quản trị chuỗi cung ứng,2,0,2,,23GBA-BA
Phương pháp NCKH trong kinh doanh,1.5,0.5,2,,23GBA-BA
Chiến lược kinh doanh điện tử,2,0,2,,23GBA-BA
Thanh toán điện tử,1.5,0.5,2,,23GBA-BA
Đề án 4 (BA),0,1,1,,23GBA-BA
TỔNG,17,2,19,,
,,,,,
Tên học phần,Số tín chỉ,,,Ghi chú,
,LT,TH,Tổng,,
Triết học Mác - Lênin,3,0,3,,23GBA-DM
Đạo đức trong kinh doanh,2,0,2,,23GBA-DM
Tiếng Anh nâng cao 2,2,0,2,,23GBA-DM
Kinh doanh quốc tế,3,0,3,,23GBA-DM
Truyền thông marketing tích hợp (IMC),3,0,3,,23GBA-DM
Phương pháp NCKH trong kinh doanh,1.5,0.5,2,,23GBA-DM
Marketing truyền thông xã hội,1.5,0.5,2,,23GBA-DM
Quản trị trải nghiệm khách hàng,2,0,2,,23GBA-DM
Đề án 4 (BA),0,1,1,,23GBA-DM
TỔNG,18,2,20,,
,,,,,
Tên học phần,Số tín chỉ,,,Ghi chú,
,LT,TH,Tổng,,
Triết học Mác - Lênin,3,0,3,,23ET
Đạo đức trong kinh doanh,2,0,2,,23ET
Kinh doanh quốc tế,3,0,3,,23ET
Tiếng Anh nâng cao 2,2,0,2,,23ET
Hành vi tiêu dùng du lịch,3,0,3,,23ET
Thương mại điện tử cơ bản,2,0,2,,23ET
Quản trị kinh doanh lữ hành,3,0,3,,23ET
Đề án 4 (BA),0,1,1,,23ET
TỔNG,18,1,19,,
,,,,,
Tên học phần,Số tín chỉ,,,Ghi chú,
,LT,TH,Tổng,,
Triết học Mác - Lênin,3,0,3,,23EL1->2
Đạo đức trong kinh doanh,2,0,2,,23EL1->2
Tiếng Anh nâng cao 2,2,0,2,,23EL1->2
Quản trị xuất nhập khẩu,2,0,2,,23EL1->2
Quản trị chuỗi cung ứng,2,0,2,,23EL1->2
Thanh toán quốc tế,2,0,2,,23EL1->2
Tổ chức vận tải đa phương thức,2,0,2,,23EL1->2
Đề án 4 (BA),0,1,1,,23EL1->2
Quản trị kho hàng,2,0,2,,23EL1->2
TỔNG,17,1,18,,
,,,,,
Tên học phần,Số tín chỉ,,,Ghi chú,
,LT,TH,Tổng,,
Triết học Mác - Lênin,3,0,3,,23EF
Đạo đức trong kinh doanh,2,0,2,,23EF
Kinh doanh quốc tế,3,0,3,,23EF
Quản trị tài chính,3,0,3,,23EF
Tiếng Anh nâng cao 2,2,0,2,,23EF
Lập trình Python (BA),2,0,2,,23EF
Phân tích tài chính doanh nghiệp,2,0,2,,23EF
Đề án 4 (BA),0,1,1,,23EF
TỔNG,17,1,18,,
,,,,,
Tên học phần,Số tín chỉ,,,Ghi chú,
,LT,TH,Tổng,,
Triết học Mác - Lênin,3,0,3,,23IM
Đạo đức trong kinh doanh,2,0,2,,23IM
Tiếng Anh nâng cao 2,2,0,2,,23IM
Kinh doanh quốc tế,3,0,3,,23IM
Lập dự án đầu tư,2.5,0.5,3,,23IM
Thiết kế website,1.5,0.5,2,,23IM
Công nghệ website,1.5,0.5,2,,23IM
Đề án 4 (BA),0,1,1,,23IM
TỔNG,15.5,2.5,18,,
,,,,,
,,,,,
Tên học phần,Số tín chỉ,,,Ghi chú,
,LT,TH,Tổng,,
Tiếng Anh 2,2,0,2,,24GBA
Tiếng Anh 3,2,0,2,,24GBA
Giáo dục thể chất 3,0,1,1,,24GBA
Thống kê kinh doanh,3,0,3,,24GBA
Nguyên lý kế toán,3,0,3,,24GBA
Hệ thống thông tin quản lý,3,0,3,,24GBA
Toán ứng dụng trong kinh tế,3,0,3,,24GBA
Đề án 2 (BA),0,1,1,,24GBA
Thương mại điện tử,3,0,3,,24GBA
TỔNG,17,2,19,,
,,,,,
Tên học phần,Số tín chỉ,,,Ghi chú,
,LT,TH,Tổng,,
Tiếng Anh 2,2,0,2,,24ET
Tiếng Anh 3,2,0,2,,24ET
Giáo dục thể chất 3,0,1,1,,24ET
Thống kê kinh doanh,3,0,3,,24ET
Nguyên lý kế toán,3,0,3,,24ET
Hệ thống thông tin quản lý,3,0,3,,24ET
Toán ứng dụng trong kinh tế,3,0,3,,24ET
Đề án 2 (BA),0,1,1,,24ET
Tổng quan về du lịch,3,0,3,,24ET
TỔNG,17,2,19,,
,,,,,
Tên học phần,Số tín chỉ,,,Ghi chú,
,LT,TH,Tổng,,
Tiếng Anh 2,2,0,2,,"24GEL,24EL"
Tiếng Anh 3,2,0,2,,"24GEL,24EL"
Giáo dục thể chất 3,0,1,1,,"24GEL,24EL"
Thống kê kinh doanh,3,0,3,,"24GEL,24EL"
Nguyên lý kế toán,3,0,3,,"24GEL,24EL"
Hệ thống thông tin quản lý,3,0,3,,"24GEL,24EL"
Toán ứng dụng trong kinh tế,3,0,3,,"24GEL,24EL"
Đề án 2 (BA),0,1,1,,"24GEL,24EL"
Nhập môn E-logistics,3,0,3,,"24GEL,24EL"
Quản trị cơ sở dữ liệu,1.5,0.5,2,,"24GEL,24EL"
TỔNG,18.5,2.5,21,,
,,,,,
Tên học phần,Số tín chỉ,,,Ghi chú,
,LT,TH,Tổng,,
Tiếng Anh 2,2,0,2,,24EF
Tiếng Anh 3,2,0,2,,24EF
Giáo dục thể chất 3,0,1,1,,24EF
Thống kê kinh doanh,3,0,3,,24EF
Nguyên lý kế toán,3,0,3,,24EF
Hệ thống thông tin quản lý,3,0,3,,24EF
Toán ứng dụng trong kinh tế,3,0,3,,24EF
Đề án 2 (BA),0,1,1,,24EF
Nhập môn Tài chính số,2,0,2,,24EF
TỔNG,16,2,18,,
,,,,,
Tên học phần,Số tín chỉ,,,Ghi chú,
,LT,TH,Tổng,,
Tiếng Anh 2,2,0,2,,24IM
Tiếng Anh 3,2,0,2,,24IM
Giáo dục thể chất 3,0,1,1,,24IM
Thống kê kinh doanh,3,0,3,,24IM
Nguyên lý kế toán,3,0,3,,24IM
Hệ thống thông tin quản lý,3,0,3,,24IM
Toán ứng dụng trong kinh tế,3,0,3,,24IM
Đề án 2 (BA),0,1,1,,24IM
Nhập môn quản lý dự án,2,0,2,,24IM
TỔNG,16,2,18,,
,,,,,
Tên học phần,Số tín chỉ,,,Ghi chú,
,LT,TH,Tổng,,
Tin học đại cương,2.5,0.5,3,,"25GBA,25GEL,25EL,25ET,25IM"
Pháp luật đại cương,2,0,2,,"25GBA,25GEL,25EL,25ET,25IM"
Tiếng Anh 1,3,0,3,,"25GBA,25GEL,25EL,25ET,25IM"
Nhập môn ngành & kỹ năng mềm (BA),1.5,0.5,2,,"25GBA,25GEL,25EL,25ET,25IM"
Giáo dục thể chất 1,0,1,1,,"25GBA,25GEL,25EL,25ET,25IM"
Quản trị học,3,0,3,,"25GBA,25GEL,25EL,25ET,25IM"
Kinh tế vi mô,3,0,3,,"25GBA,25GEL,25EL,25ET,25IM"
Tiếng Anh chuyên ngành 1 (BA),1.5,0.5,2,,"25GBA,25GEL,25EL,25ET,25IM"
TỔNG,16.5,2.5,19,,
,,,,,
,,,,,
Tên học phần,Số tín chỉ,,,Ghi chú,
,LT,TH,Tổng,,
Tiếng Anh 2,2,0,2,,"24GDM,24DM"
Tiếng Anh 3,2,0,2,,"24GDM,24DM"
Giáo dục thể chất 3,0,1,1,,"24GDM,24DM"
Phương pháp nghiên cứu khoa học trong KD,2.5,0.5,3,,"24GDM,24DM"
Hệ thống thông tin quản lý,3,0,3,,"24GDM,24DM"
Digital Marketing,3,0,3,,"24GDM,24DM"
Hành vi người tiêu dùng,3,0,3,,"24GDM,24DM"
Đề án 2 (BA),0,1,1,,"24GDM,24DM"
TỔNG,13.5,2.5,16,,
,,,,,
Tên học phần,Số tín chỉ,,,Ghi chú,
,LT,TH,Tổng,,
Tin học đại cương,2.5,0.5,3,,"25GDM,25DM"
Tiếng Anh 1,3,0,3,,"25GDM,25DM"
Pháp luật đại cương,2,0,2,,"25GDM,25DM"
Giáo dục thể chất 1,0,1,1,,"25GDM,25DM"
Nhập môn ngành & kỹ năng mềm (BA),1.5,0.5,2,,"25GDM,25DM"
Quản trị học,3,0,3,,"25GDM,25DM"
Kinh tế vi mô,3,0,3,,"25GDM,25DM"
Tiếng Anh chuyên ngành 1,1.5,0.5,2,,"25GDM,25DM"
TỔNG,16.5,2.5,19,,
,,,,,
,,,,,
Tên học phần,Số tín chỉ,,,Ghi chú,
,LT,TH,Tổng,,
Tin học ứng dụng trong kinh doanh,2.5,0.5,3,,25EF
Pháp luật đại cương,2,0,2,,25EF
Tiếng Anh 1,3,0,3,,25EF
Nhập môn ngành & kỹ năng mềm (BA),1.5,0.5,2,,25EF
Giáo dục thể chất 1,0,1,1,,25EF
Kinh tế vi mô,3,0,3,,25EF
Marketing căn bản,3,0,3,,25EF
Lập trình Python (BA),2.5,0.5,3,,25EF
TỔNG,17.5,2.5,20,,
